Username,EmailAddress,Password,LastName,FirstName,TelephoneNumber,StreetAddress,ZipCode,City,Country
priff1984,mariepaquin@cuvox.de,iup9Jij3ie,Paquin,Marie,0139933755,57 rue Léon Dierx,93190,LIVRY-GARGAN,France
aggland89,laetitiagousse@jourrapide.com,ooGh4shiib,Gousse,Laetitia,0436365608,15 avenue Ferdinand de Lesseps,38100,GRENOBLE,France
cogreboy,jacquenettdechateaub@gustr.com,aela9Cu6,de Chateaub,Jacquenett,0274665579,22 boulevard Amiral Courbet,44700,ORVAULT,France
subal1986,mayhewmouet@teleworm.us,Yae6hohy8l,Mouet,Mayhew,0507945077,98 rue du Faubourg National,65000,TARBES,France
huttleford,patiencefournier@superrito.com,IeMi1sia3a,Fournier,Patience,0544251419,57 rue des Coudriers,31600,MURET,France
suar1979,noelboutot@armyspy.com,xi5Fa3rai,Boutot,Noël,0277926933,32 rue Victor Hugo,29900,CONCARNEAU,France
jimery,alexandrinbellemare@einrot.com,shoXah4eichu,Bellemare,Alexandrin,0131911834,53 boulevard Aristide Briand,78150,LE CHESNAY,France
spearknigh,emilecouturier@rhyta.com,uop8ohHae,Couturier,Émile,0127316085,61 avenue de Bouvines,93270,SEVRAN,France
frothen,benoitmeunier@superrito.com,na9yeiQue,Meunier,Benoît,0383078924,39 quai Saint-Nicolas,59200,TOURCOING,France
prooseas,guerinjolicoeur@jourrapide.com,vesh9Thee,Jolicoeur,Guerin,0481724730,65 Avenue des Pr'es,34000,MONTPELLIER,France
witin1992,aubertparadis@teleworm.us,yuBaeJ4ee,Paradis,Aubert,0183200811,24 rue du Gue Jacquet,78400,CHATOU,France
aread1991,christianechnadonnet@dayrep.com,no8ohDei,Chnadonnet,Christiane,0564464963,89 rue Charles Corbeau,09000,FOIX,France
cumed1987,julienayot@fleckens.hu,choh3eeDai3ei,Ayot,Julien,0559864333,56 Chemin Challet,87100,LIMOGES,France
cyruch1986,curtisboutot@dayrep.com,hooch0oeB,Boutot,Curtis,0392547898,5 rue Cazade,59140,DUNKERQUE,France
unessight1996,stephanecorbin@armyspy.com,Kieneux7Bei,Corbin,Stéphane,0402597751,78 rue Saint Germain,05000,GAP,France
wittlaspis96,fletchergrondin@teleworm.us,ajah5Quaa,Grondin,Fletcher,0303525158,68 Cours Marechal-Joffre,59220,DENAIN,France
compost,patricelamothe@rhyta.com,oe0Fei1ieB,Lamothe,Patrice,0261875016,93 rue Adolphe Wurtz,76140,LE PETIT-QUEVILLY,France
knevice1997,michelchastain@rhyta.com,Cai4vie8wu,Chastain,Michel,0117703632,29 rue des Nations Unies,93200,SAINT-DENIS,France
thapide,liriennepetit@cuvox.de,liahoov2AiM,Petit,Lirienne,0416566458,50 rue de la République,69003,LYON,France
smilley,fletcherpichette@rhyta.com,aim0Aipeegh,Pichette,Fletcher,0513882033,4 rue du Général Ailleret,97142,LES ABYMES,France
appont,dianemorel@gustr.com,eePu3ohpah,Morel,Diane,0146838099,58 Faubourg Saint Honoré,75018,PARIS,France
theve1995,raymondclavet@fleckens.hu,Eip2cheri8,Clavet,Raymond,0149685167,90 rue Sadi Carnot,93300,AUBERVILLIERS,France
wasuacts1998,ancelinahughes@gustr.com,jeeV3veifuo,Hughes,Ancelina,0472621159,25 avenue Ferdinand de Lesseps,38000,GRENOBLE,France
niumber90,curtisbilodeau@dayrep.com,Nah4ienohc7,Bilodeau,Curtis,0243664302,35 rue Ernest Renan,49300,CHOLET,France
scromp,hollycinq-mars@armyspy.com,dee5Rupa7ie,Cinq-Mars,Holly,0593582411,42 quai Saint-Nicolas,31500,TOULOUSE,France
awking,troycroteau@einrot.com,quaaD3aNg,Croteau,Troy,0590236004,92 rue Porte d'Orange,33150,CENON,France
kneasupian,estelleruais@rhyta.com,Ienei7ho7a,Ruais,Estelle,0109709170,47 rue du Gue Jacquet,78400,CHATOU,France
sompores,ninettelapresse@gustr.com,nuB2ooM5oo,Lapresse,Ninette,0200357256,15 rue des Coudriers,76130,MONT-SAINT-AIGNAN,France
docklinew,hortensebourgeois@rhyta.com,iqu0Se2Roh,Bourgeois,Hortense,0435004874,14 rue de Geneve,30100,ALÈS,France
mits1976,theophilevertefeuille@superrito.com,Eeri1AiPhie,Vertefeuille,Théophile,0319721343,44 rue Pierre Motte,88100,SAINT-DIÉ,France
poeshered,morganaaubin@teleworm.us,cii1Ochi3oo,Aubin,Morgana,0184501727,96 rue Cazade,91210,DRAVEIL,France
hartmant,sumnerdouffet@fleckens.hu,aiNid0rei,Douffet,Sumner,0349842958,5 rue Marie de Médicis,62400,BÉTHUNE,France
plicaut,eglantineriviere@rhyta.com,Aej3vah3Ogie,Rivière,Eglantine,0298870955,4 avenue de l'Amandier,41000,BLOIS,France
conere,laurebusson@armyspy.com,coYivang0oo,Busson,Laure,0304926755,6 Chemin Challet,62800,LIÉVIN,France
thistur,roydenfontaine@teleworm.us,xiaXuujoh5u,Fontaine,Royden,0414658873,84 Rue Roussy,84100,ORANGE,France
lestoregre,parfaitadler@armyspy.com,Id8ietooge6,Adler,Parfait,0408941299,68 rue Banaudon,69009,LYON,France
publearnow1985,dominicvachon@jourrapide.com,Aigei9aerah,Vachon,Dominic,0426428219,29 Quai des Belges,13016,MARSEILLE,France
warchat,zdenekbisaillon@teleworm.us,poch5Phoo1ee,Bisaillon,Zdenek,0159841405,45 rue des Soeurs,78170,LA CELLE-SAINT-CLOUD,France
hisaink,benoitlheureux@gustr.com,Oowie6toh5Boo,L'Heureux,Benoît,0206892733,4 avenue de l'Amandier,41000,BLOIS,France
bluddre,denisdesmeaux@jourrapide.com,Itai9daiPh,Des Meaux,Denis,0593882820,75 rue Goya,97160,LE MOULE,France
hiscre,ivadrouin@gustr.com,Eexae9caj,Drouin,Iva,0582517441,98 Chemin Du Lavarin Sud,46000,CAHORS,France
youndep,corinnelesperance@teleworm.us,phahw7Raid,Lespérance,Corinne,0473714026,11 rue Gustave Eiffel,42300,ROANNE,France
witter88,anoukblanc@cuvox.de,Ahch6toh4Ph,Blanc,Anouk,0434630833,16 avenue du Marechal Juin,06700,SAINT-LAURENT-DU-VAR,France
suitessay,ivamontminy@einrot.com,Nigaish0bah,Montminy,Iva,0138100406,87 avenue Jean Portalis,93290,TREMBLAY-EN-FRANCE,France
pecto1990,archaimbauabril@armyspy.com,EiCezae8au8,Abril,Archaimbau,0516211380,32 rue de l'Aigle,17000,LA ROCHELLE,France
sixeclog,emmanuelledelaronde@cuvox.de,eiNuza4xi3w,De La Ronde,Emmanuelle,0595325948,24 rue Sébastopol,97438,SAINTE-MARIE,France
smusbuty,dominiccousteau@superrito.com,liWeith2ei,Cousteau,Dominic,0587166423,33 rue du Faubourg National,65000,TARBES,France
subbillson,fifineparent@rhyta.com,ees6queeD2x,Parent,Fifine,0163791867,57 place Maurice-Charretier,77420,CHAMPS-SUR-MARNE,France
avized,ayaparent@dayrep.com,xieJies4,Parent,Aya,0147458595,69 rue Marguerite,91170,VIRY-CHÂTILLON,France
tier1984,joliehuot@dayrep.com,fie6Wu7aiS,Huot,Jolie,0364585044,81 avenue de Provence,54500,VANDOEUVRE-LÈS-NANCY,France
speould74,sacripantbourgeau@cuvox.de,ohgahPhah8sh,Bourgeau,Sacripant,0314222060,86 avenue du Marechal Juin,68300,SAINT-LOUIS,France
hothe1994,emiliebondy@armyspy.com,af6Ohr0oh,Bondy,Émilie,0359041618,67 place Stanislas,54000,NANCY,France
pallarcups,quennelbellemare@cuvox.de,chuMe8da,Bellemare,Quennel,0561527288,29 rue Porte d'Orange,33150,CENON,France
rethen,noellegauvin@rhyta.com,lao1EeChaeP,Gauvin,Noelle,0267586904,19 rue des Nations Unies,22000,SAINT-BRIEUC,France
sakents,henriettecharlebois@cuvox.de,thohzie5Eij,Charlebois,Henriette,0343884139,73 Avenue Millies Lacroix,59640,DUNKERQUE,France
thouttiot,denisbrodeur@rhyta.com,jaeLae9jee,Brodeur,Denis,0550338171,24 Cours Marechal-Joffre,40100,DAX,France
hatione,simonemarcoux@jourrapide.com,Chaique1,Marcoux,Simone,0186821966,77 rue La Boétie,75016,PARIS,France
woreas,fabiennemichel@einrot.com,ooP9eedaiM7,Michel,Fabienne,0134057330,60 rue des Nations Unies,93200,SAINT-DENIS,France
alackeen81,arnouquerry@gustr.com,ohPad1ae,Querry,Arnou,0275004995,5 rue Léon Dierx,14100,LISIEUX,France
bithate,germainpirouet@gustr.com,ahZe1fef,Pirouet,Germain,0369771232,1 avenue de Provence,54500,VANDOEUVRE-LÈS-NANCY,France
calle1986,dominiquedesjardins@dayrep.com,Romai0Yoo,Desjardins,Dominique,0477730280,99 rue des Lacs,83400,HYÈRES,France
thental80,marcbonenfant@superrito.com,He0aixaoSh,Bonenfant,Marc,0298419064,41 Chemin Des Bateliers,49100,ANGERS,France
nearst,adorleemazuret@cuvox.de,chohD9shoh,Mazuret,Adorlee,0356230491,17 rue Marie de Médicis,62400,BÉTHUNE,France
gropen1995,vickbinet@cuvox.de,kaiz4Johph,Binet,Vick,0244151594,24 rue du Président Roosevelt,49400,SAUMUR,France
actery,robertpomerleau@einrot.com,eniejeeCh1K,Pomerleau,Robert,0163428972,57 place Maurice-Charretier,77420,CHAMPS-SUR-MARNE,France
wompas,ogierbenoit@gustr.com,yei0eeNaod,Benoit,Ogier,0178124343,22 Square de la Couronne,75002,PARIS,France
youggedge,eugenedesnoyers@armyspy.com,uTh3FeRei0ei,Desnoyers,Eugène,0488274923,85 boulevard de la Liberation,13011,MARSEILLE,France
ashery,montaguegoudreau@einrot.com,shohC6wai1v,Goudreau,Montague,0489671741,31 rue de Raymond Poincaré,11100,NARBONNE,France
gookentled1974,berangariacormier@fleckens.hu,fa6ooPhaith,Cormier,Berangaria,0394504401,51 Rue Marie De Médicis,59400,CAMBRAI,France
redet1997,halettegilbert@dayrep.com,teiv0Eiy6ai,Gilbert,Halette,0397757542,93 boulevard Aristide Briand,71200,LE CREUSOT,France
woung1974,orvafongemie@armyspy.com,quahziu4U,Fongemie,Orva,0166562438,84 Rue Frédéric Chopin,78000,VERSAILLES,France
theromented,cammilebreton@fleckens.hu,aib8aig7A,Breton,Cammile,0292982374,77 rue de l'Epeule,76100,ROUEN,France
hadioncoulne,germainelatourelle@superrito.com,eewocae8Eeb,Latourelle,Germaine,0192341914,74 boulevard de Prague,94130,NOGENT-SUR-MARNE,France
jectieut,tabormailly@gustr.com,eif4sahQuie,Mailly,Tabor,0597104074,19 avenue Ferdinand de Lesseps,33170,GRADIGNAN,France
shationce1984,arnaudaudet@teleworm.us,Pho7pid0foh,Audet,Arnaud,0309130006,60 place Stanislas,54000,NANCY,France
sithe1995,ambraauthier@dayrep.com,dahGhah1,Authier,Ambra,0186247680,63 rue de Groussay,93110,ROSNY-SOUS-BOIS,France
muccommus,searlasfongemie@jourrapide.com,Obieghah8Y,Fongemie,Searlas,0451395764,27 rue Banaudon,69006,LYON,France
thattery,flordelisreault@fleckens.hu,Aceimu2nee,Reault,Flordelis,0245868544,3 rue Petite Fusterie,18000,BOURGES,France
buthapich1998,christianecrete@rhyta.com,Aewah1jae9,Crête,Christiane,0593973573,20 rue Charles Corbeau,09000,FOIX,France
cown1995,odelettebeaulieu@jourrapide.com,noo4Ohz5y,Beaulieu,Odelette,0160409976,72 Avenue Millies Lacroix,95600,EAUBONNE,France
equallown,rogergrimard@cuvox.de,Ohpheich6,Grimard,Roger,0122061221,94 rue du Paillle en queue,94240,L'HAŸ-LES-ROSES,France
hable1986,durandanamothe@teleworm.us,aduGh7ae,Mothé,Durandana,0122820409,1 rue des six frères Ruellan,95110,SANNOIS,France
mortince,edouarddoucet@rhyta.com,shu1ahTo6u,Doucet,Édouard,0548514017,49 rue de l'Aigle,17000,LA ROCHELLE,France
thadox,honorebouvier@armyspy.com,mahP4eeshe1,Bouvier,Honore,0248985861,97 Chemin des Bateliers,61000,ALENÇON,France
goleyour,aubreysavoie@cuvox.de,Dei1raa6,Savoie,Aubrey,0544211565,24 boulevard Aristide Briand,33110,LE BOUSCAT,France
theigs,constancecoulombe@cuvox.de,eNiph8aeZie,Coulombe,Constance,0481253709,38 rue Banaudon,69007,LYON,France
utupost85,babetteviens@rhyta.com,Eikit1Coh,Viens,Babette,0169658388,79 avenue de l'Amandier,92270,BOIS-COLOMBES,France
exproning,darcyrheaume@teleworm.us,thoiJ7Aib,Rhéaume,D'Arcy,0500888256,39 avenue de l'Amandier,33000,BORDEAUX,France
momse1978,davetdaigle@fleckens.hu,shaiy8eiRo,Daigle,Davet,0154802568,32 Place du Jeu de Paume,94800,VILLEJUIF,France
loger1975,berangarialaforest@teleworm.us,Woo6shai0h,Laforest,Berangaria,0226076884,41 avenue de Provence,56000,VANNES,France
hento1982,lealatherriault@gustr.com,Thishei4ao,Therriault,Leala,0474221525,29 Rue de Strasbourg,63100,CLERMONT-FERRAND,France
whane1982,edouardcharpie@gustr.com,Aek2ierai,Charpie,Édouard,0144307208,43 rue Cazade,91210,DRAVEIL,France
complem,pryormarchesseault@rhyta.com,kie1uch6Oh,Marchesseault,Pryor,0597743397,65 rue de l'Aigle,17000,LA ROCHELLE,France
hapargo1988,granvilleleroux@cuvox.de,Cho0cheigh,Leroux,Granville,0562909392,50 cours Jean Jaures,33100,BORDEAUX,France
oatep1992,sabinedevoe@einrot.com,ieNiiy4S,Devoe,Sabine,0105878871,41 rue Victor Hugo,91100,CORBEIL-ESSONNES,France
dingdowas84,mirabelleberger@superrito.com,ahYeey3o,Berger,Mirabelle,0375569762,27 Avenue des Tuileries,59190,HAZEBROUCK,France
manger,gaetanebenoit@gustr.com,vahDah8H,Benoit,Gaetane,0486271817,76 avenue Voltaire,06520,MAGAGNOSC,France
sweas1976,noellemouet@armyspy.com,jahZ6ucah,Mouet,Noelle,0273072719,74 rue des Dunes,35400,SAINT-MALO,France
maxuld,mayhewsanschagrin@gustr.com,at8Thohd3ma,Sanschagrin,Mayhew,0151558634,60 Rue St Ferréol,92360,MEUDON-LA-FORÊT,France
